Song Name,Megasync,Memory Card,,
Natural High Hammerfall,,,,
Here at the End of the World Orden Ogan,,,,
Are You Metal? Helloween,x,y,,
Hammerfall - v1.07 Hammerfall,,,,
Wrathchild - 1998 Remastered Version Iron Maiden,,,,
Waking Up The Damned MyGrain,,,,
Criminally Insane Slayer,x,y,,
Thunderstruck 2Cellos,,,,
Go To Hell Megadeth,x,,,
I Am Morbid Morbid Angel,,,,
Nazi Punks Fuck Off Napalm Death,x,y,,
Morgenrot Megaherz,,,,
Motorhead Motörhead,x,y,,
Reverie/Harlequin Forest Opeth,,,,
April Rain Delain,,,,
Hang'em All Carpenter Brut,,,,
Event Horizon Jarle H. Olsen,,,,
Confused Six Feet Under,,,,
Love Potion No.9 Tygers Of Pan Tang,,,,
Gangland Tygers Of Pan Tang,,,,
Let It Loose Savage,,,,
One of These Days Trespass,,,,
Native Blood Testament,x,p,,
In My Dreams (Re-Recorded / Remastered) Dokken,x,y,,
Gutter Ballet Savatage,y,,,
Into The Fire Dokken,x,y,,
Breaking The Chains Dokken,x,y,,
Alone Again Dokken,x,y,,
Die Hölle muss warten Eisbrecher,,,,
Halbmondfinsternis Schöngeist,,,,
Roter Mond Megaherz,,,,
Singularity Born Of Osiris,x,y,,
Wage Slaves All Shall Perish,,,,
Denied Sonic Syndicate,,,,
All Against All The Haunted,,,,
Hatredcopter Metalocalypse: Dethklok,x,y,,
All I Have The Haunted,,,,
Mouth For War Pantera,x,y,,
Call of Destiny Xandria,,,,
Crimson Gale Diabulus in Musica,,,,
Stand My Ground Within Temptation,,,,
Eat You Alive Emigrate,,,,
Racing Heart The Murder of My Sweet,,,,
Shiantara Edenbridge,,,,
Powercore Nekrogoblikon,,,,
No One Survives Nekrogoblikon,,,,
Stone of the Seven Suns SuidAkrA,,,,
"I, Caligvla Ex Deo",x,y,,
The Rise Of Hannibal Ex Deo,,,,
Misguided Distorted Harmony,,,,
A Dream in Static (feat. Daniel Tompkins) Earthside,,,,
Call Me Pain,,,,
Steal Away the Light Triosphere,,,,
Elimination Overkill,,,,
"Mean, Green, Killing Machine Overkill",,,,
Phantom Self Sepultura,,,,
Ratamahatta Sepultura,x,y,,
Roots Bloody Roots Sepultura,x,y,,
Call Me Pain,,,,
Prey Equilibrium,,,,
Wirtshaus Gaudi Equilibrium,,,,
Himmelsrand Equilibrium,,,,
Blut Im Auge Equilibrium,,,,
Born To Be Epic Equilibrium,,,,
Return To Serenity Testament,x,p,,
Camouflage Stan Ridgway,,,,
Alles aus Liebe OOMPH!,,,,
Sandmann OOMPH!,,,,
Engel Rammstein,x,y,,
LOS Rammstein,x,y,,
Mein Herz Brennt Rammstein,x,y,,
RAMMLIED Rammstein,x,y,,
Sonne Rammstein,x,y,,
MEIN LAND Rammstein,x,y,,
MANN GEGEN MANN Rammstein,x,y,,
BENZIN Rammstein,x,y,,
HAIFISCH Rammstein,x,y,,
Du Riechst So Gut Rammstein,x,p,,
ROSENROT Rammstein,x,y,,
"REISE, REISE Rammstein",x,y,,
Mutter Rammstein,x,y,,
ICH TU DIR WEH Rammstein,x,y,,
KEINE LUST Rammstein,x,y,,
Master Of Puppets Metallica,x,y,,
Nothing Else Matters Metallica,x,y,,
Enter Sandman Metallica,x,y,,
Sultan's Curse Mastodon,x,y,,
40 1 Sabaton,x,y,,
Ghost Division Sabaton,x,y,,
Wehrmacht Sabaton,x,y,,
Into The Fire Sabaton,x,y,,
Ghost Division Sabaton,xx,yy,,
Everybody's Fool Evanescence,,,,
Curse the Gods Destruction,,,,
Keelhauled Alestorm,,,,
Broken Pieces Apocalyptica,x,,,
Bring Me To Life Evanescence,,,,
Helden Apocalyptica,x,,,
Not Strong Enough Apocalyptica,,,,
I'm Not Jesus - International Version Apocalyptica,,,,
EDM Death Machine Knife Party,,,,
The Edge Blind Guardian,,,,
Interlude Shokran,,,,
Vivace Yngwie Malmsteen,,,,
Alison Hell (98 Reissue) Annihilator,,,,
Kill EVERYBODY Skrillex,,,,
Hall Of The Mountain King - Instrumental Version Apocalyptica,,,,
Give It Up Knife Party,,,,
Profetens Åpenbaring Gorgoroth,x,,,
Sorg Gorgoroth,x,,,
Under The Pagan Megalith Gorgoroth,x,,,
Colony Of Birchmen Mastodon,x,y,,
Freezing Moon Mayhem,,,,
De Mysteriis Dom Sathanas Mayhem,,,,
Hymn To A Gas Giant Morbid Angel,,,,
Pray the Martyr Shokran,,,,
Pulse Mendel,,,,
"Symphony No.9 In E Minor, Op.95, B.178 - ""From The New World"": 4. Allegro con fuoco - Live Antonín Dvo?ák",,,,
I'm Shipping Up To Boston Dropkick Murphys,,,,
Rollin' (Air Raid Vehicle) Limp Bizkit,,,,
The Nail Children Of Bodom,,,,
"Red Light In My Eyes, Pt. 2 Children Of Bodom",x,y,,
"Red Light In My Eyes, Pt. 1 Children Of Bodom",x,y,,
Deadnight Warrior Children Of Bodom,,,,
Angels Don't Kill Children Of Bodom,,,,
Hellion Children Of Bodom,,,,
Needled 24 / 7 Children Of Bodom,,,,
Bastards Of Bodom Children Of Bodom,,,,
In Your Face Children Of Bodom,,,,
Living Dead Beat Children Of Bodom,,,,
Smile Pretty for the Devil Children Of Bodom,,,,
Needled 24 / 7 Children Of Bodom,,,,
One Bottle And A Knee Deep Children Of Bodom,,,,
Bodom Blue Moon (The Second Coming) Children Of Bodom,,,,
You're Better Off Dead Children Of Bodom,,,,
Bodom Beach Terror Children Of Bodom,,,,
Was It Worth It? Children Of Bodom,,,,
Cry Of The Nihilist Children Of Bodom,,,,
Ugly Children Of Bodom,,,,
Pussyfoot Miss Suicide Children Of Bodom,,,,
Shovel Knockout Children Of Bodom,,,,
Not My Funeral Children Of Bodom,,,,
Bed Of Razors Children Of Bodom,,,,
Switchback Celldweller,,,,
Waste Of Skin Children Of Bodom,,,,
Waking the Demon Bullet For My Valentine,,,,
Scream Aim Fire Bullet For My Valentine,,,,
Eye of the Storm Bullet For My Valentine,,,,
Nightmare Avenged Sevenfold,x,y,,
Welcome to the Family Avenged Sevenfold,,,,
Back In Control Sabaton,x,y,,
Buffalo Soldier Bob Marley & The Wailers,,,,
Them Bones Alice In Chains,x,y,,
Lost Rune Of Thunder Eternal Tears Of Sorrow,,,,
Prophetian Eternal Tears Of Sorrow,,,,
Venator Be'lakor,x,y,,
Acres Of Skin Fear Factory,x,y,,
Barbaraosa Lamb of God,x,y,,
16 Cradles - (revised version) Hail The Villain,x,y,,
Evil Has A Name Hail The Villain,x,y,,
My Reward Hail The Villain,x,y,,
Runaway Hail The Villain,x,y,,
The Snake Joe Satriani,,,,
7 Days To The Wolves (Instrumental) Nightwish,,,,
Hizbollah Ministry,,,,
The Jesters Dance In Flames,,,,
Brothers Yngwie Malmsteen,,,,
Prelude Of Souls Rage,,,,
Chemical Warfare Slayer,x,y,,
Endless Nights Sabaton,x,y,,
Inmate 4859 Sabaton,x,y,,
No Bullets Fly Sabaton,x,y,,
Camouflage - Bonus Sabaton,x,y,,
Hill 3234 Sabaton,x,y,,
Rorke's Drift Sabaton,x,y,,
The Lost Battalion Sabaton,x,y,,
Last Dying Breath Sabaton,x,y,,
Shiroyama Sabaton,x ,y ,,
Ghost Division Sabaton,xx,yy,,
En Livstid I Krig - Swedish Version Sabaton,,,,
Panzerkampf Sabaton,x,y,,
Out in the Fields - 2002 - Remaster Gary Moore,,,,
Over The Hills And Far Away Nightwish,,,,
Moonlight Sonata (Act 3) Exmortus,,,,
Punishment Shokran,,,,
Power and Glory (Takada's Theme) Yngwie Malmsteen,,,,
Molto Arpeggiosa Yngwie Malmsteen,,,,
Blue Yngwie Malmsteen,,,,
"Grapowski's Malmsuite 1001 - Bonus Track - ""Perfect Gentlemen"" Single Helloween",,,,
Django Luis Bacalov,,,,
"Django (From ""Django Unchained"") - Main Theme Luis Bacalov",,,,
Through The Fire And Flames DragonForce,x,y,,
On The Backs Of Angels Dream Theater,,,,
The Enemy Inside Dream Theater,,,,
Curl Of The Burl Mastodon,x,y,,
High Road Mastodon,x,y,,
Panama - 2015 Remastered Version Van Halen,,,,
Why Can't This Be Love Van Halen,,,,
Keep Their Heads Ringin' - LP Version; Dr. Dre,,,,
Hit 'em Up 2Pac,,,,
Nuthin' But A G'Thang Snoop Dogg,,,,
The Next Episode Dr. Dre,,,,
Express Yourself - Remix; N.W.A.,,,,
Fuck Tha Police N.W.A.,,,,
Straight Outta Compton - Extended Mix;Edit; N.W.A.,,,,
Mi Vida Loca Kid Frost,,,,
La Raza Kid Frost,,,,
Check Yo Self - Remix; Ice Cube,,,,
Alwayz Into Somethin' N.W.A.,,,,
The Ghetto Too $hort,,,,
Thunderstruck AC/DC,x,y,,
Andalusia Joe Satriani,,,,
Road To Zion Damian Marley,,,,
Make It Bun Dem Skrillex,,,,
Welcome To Jamrock Damian Marley,,,,
Boombastic Shaggy,,,,
Somewhat Damaged Nine Inch Nails,x,y,,
"Starfuckers, Inc. Nine Inch Nails",x,y,,
Every Day Is Exactly The Same Nine Inch Nails,x,y,,
Bye-Bye Borderline Zeromancer,,,,
War Meshuggah,x,y,,
Bruises Unloco,,,,
The Song of the Golden Dragon Estas Tonne,,,,
Empty Streets Scandroid,,,,
Try This Pegboard Nerds,,,,
Dum Dee Dum Keys N Krates,,,,
Local Forecast - Elevator Kevin MacLeod,,,,
Bangarang (feat. Sirah) Skrillex,,,,
Premonition Joe Satriani,,,,
Falling from the Edge of Space Bob Katsionis,,,,
"Adagio for Strings, Op. 11 Samuel Barber",,,,
Molto Arpeggiosa - Instrumental Yngwie Malmsteen,,,,
A Phase I'm Going Through Joe Satriani,,,,
Bleeding Mascara - Instrumental Version Atreyu,,,,
Driving at Night Joe Satriani,,,,
Instru (Mental Institution) Yngwie Malmsteen,,,,
Prelude of Souls Rage,,,,
Blitzkrieg Yngwie Malmsteen,,,,
InstruMENTAL Institution - Instrumental Yngwie Malmsteen,,,,
Blitzkrieg - Instrumental Yngwie Malmsteen,,,,
Forged In Dragon Flames Armory,,,,
Blue - Instrumental Yngwie Malmsteen,,,,
"Toccata and Fugue in D minor, BWV 565 Johann Sebastian Bach",,,,
Speaking Unto Nations (Beethoven Symphony no 7 - II ) Ludwig van Beethoven,,,,
Power and Glory: Takada's Theme - Instrumental Yngwie Malmsteen,,,,
Dvorak: Excerpt from Symphony No. 9 (Live in Miskolc) Therion,,,,
Weird Dreams Blind Guardian,,,,
Part II: Beyond the Gate Wretched,,,,
Watch This Slash,,,,
(You're) My World Joe Satriani,,,,
Requiem for the Living Jeff Loomis,,,,
Right Side Of The Bed - Instrumental Version Atreyu,,,,
Shudder Before the Beautiful (Instrumental) Nightwish,,,,
Miles Of Machines Jeff Loomis,,,,
Mourn Sentenced,,,,
The Fire and the Fury Firewind,,,,
Forgotten Mors Principium Est,,,,
Cliffs Of Dover Eric Johnson,,,,
Cold Granitic Bliss Windham Hell,,,,
Instrumental Dark Age,,,,
Into the Red Hans Zimmer,,,,
The Journey Joe Satriani,,,,
DotA - Asshunter Remix Basshunter,,,,
Bfg Division Mick Gordon,,,,
Catch The Wind Annihilator,,,,
Rasputin Turisas,,,,
Ember City Mastodon,x,y,,
One Big Rush Joe Satriani,,,,
King Me Lamb of God,x,y,,
Barbarosa Lamb of God,x,y,,
The Ultra-Violence Death Angel,,,,
Castratikron Metalocalypse: Dethklok,x,y,,
Premonition - Live In Montreal Joe Satriani,,,,
Go Forth and Die Metalocalypse: Dethklok,x,y,,
Face Fisted Metalocalypse: Dethklok,x,y,,
Awaken Metalocalypse: Dethklok,x,y,,
The Lost Vikings Metalocalypse: Dethklok,x,y,,
Thunderhorse Metalocalypse: Dethklok,,,,
Murmaider Metalocalypse: Dethklok,x,y,,
Phantom Of The Opera - 1998 Remastered Version Iron Maiden,,,,
Metal Daze Manowar,,,,
Shell Shock Manowar,x,y,,
The Phantom Of The Opera Nightwish,x,p,,
Straight Through The Mirror Blind Guardian,,,,
Cum on Feel the Noize Quiet Riot,,,,
Master of Confusion Gamma Ray,,,,
The Things We Believe In Orden Ogan,,,,
Run to the Hills - 1998 Remastered Version Iron Maiden,,,,
Raise The Noise Helloween,x,y,,
Ride Into Obsession Blind Guardian,,,,
Wheel Of Time Blind Guardian,,,,
Battle Song Ensiferum,,,,
When the Rain Begins to Fall Heavenly,,,,
Hands Of Darkness Heavenly,,,,
Wizards In Winter - Instrumental Trans-Siberian Orchestra,,,,
Valkyries Blind Guardian,,,,
Power of the Dragonflame Rhapsody,,,,
Keeper of the Seven Keys Helloween,x,y,,
For Whom The Bell Tolls (Remastered) Metallica,x,y,,
"Die, Die, Crucify Powerwolf",,,,
Night of the Werewolves Powerwolf,,,,
Sanctified with Dynamite Powerwolf,,,,
Eagle Fly Free Helloween,x,y,,
Future World Helloween,x,y,,
The Ninth Wave Blind Guardian,,,,
Twilight Of The Gods Blind Guardian,,,,
Lord Of The Rings. Blind Guardian,,,,
Rise Up (SmackDown Theme) Drowning Pool,,,,
Bodies Drowning Pool,,,,
Bad Company Five Finger Death Punch,,,,
Ten Thousand Fists Disturbed,x,,,
Warrior Disturbed,x,,,
Open Your Eyes Disturbed,,,,
Indestructible Disturbed,x,,,
Stricken Disturbed,x,,,
The Sound of Silence Simon & Garfunkel,,,,
Down With The Sickness Disturbed,x,,,
The Vengeful One Disturbed,,,,
Triumph of Death Vader,,,,
Never Say My Name Vader,,,,
Bed of Nails Alice Cooper,,,,
Where The Last Wave Broke Insomnium,,,,
Bleak - live Opeth,,,,
The Devil's Orchard Opeth,,,,
Faith In Others Opeth,,,,
To Rid the Disease - Remixed Opeth,,,,
Closure - Remixed Opeth,,,,
Hope Leaves - Remixed Opeth,,,,
Death Whispered a Lullaby - Remixed Opeth,,,,
Cusp Of Eternity Opeth,,,,
In My Time of Need Opeth,,,,
Ghost of Perdition Opeth,x,y,,
Windowpane Opeth,,,,
Eternal Rains Will Come Opeth,x,y,,
Hush HELLYEAH,x,,,
Human HELLYEAH,,,,
Alcohaulin' Ass HELLYEAH,,,,
Breaking the Light Fallen Joy,,,,
I Am King Hero's Fate ,,,,
We Will Rise Arch Enemy,,,,
Towards the Sky Kalmah,,,,
Coward Kalmah,,,,
For the Revolution Kalmah,,,,
Enemy Unbound The Absence,,,,
Blood-Coloured Edge Of Sanity,x,p,,
Sacrificed Edge Of Sanity,x,p,,
Jesus Cries Edge Of Sanity,x,p,,
Blood of my Enemies Edge Of Sanity,x,p,,
Black Tears Edge Of Sanity,x,p,,
A Taste of Collapse Disarmonia Mundi,,,,
By Others Considered In Mourning,,,,
Enemy Within Arch Enemy,,,,
The Ride Majestic Soilwork,,,,
Aurora Dark Lunacy,,,,
...Of Melancholy Burning Dark Tranquillity,x,y,,
Final Gates Running Wild,,,,
Plush Stone Temple Pilots,,,,
Interstate Love Song Stone Temple Pilots,,,,
Prologue (apprehension) Apocalyptica,,,,
"True Survivor - From ""Kung Fury"" David Hasselhoff",,,,
Strung Up From the Sky Pelican,,,,
Lone Digger Caravan Palace,,,,
(Don´t Fear) The Reaper (Metal Cover) Leo,,,,
Things Are Changin' - Live [Solo Acoustic] Gary Clark Jr.,,,,
Dweller on the Treshold Joe Satriani,,,,
Smoke on the Water - 2010 Wermut & Dee Remix David Gilmour,,,,
Living Dead Girl Rob Zombie,,,,
Dragula Rob Zombie,,,,
"Well, Everybody's Fucking In A U.F.O. Rob Zombie",,,,
Just Like You Ministry,x,,,
Deadsong Before The Dawn,,,,
Frozen Angel Norther,x,,,
L'Enfant Sauvage Gojira,,,,
Hunter/Killer Quo Vadis,,,,
Hunter/Killer: Endgame Quo Vadis,,,,
Dysgenics Quo Vadis,x,,,
Sans Abris Quo Vadis,x,,,
Zero Hour Quo Vadis,x,,,
Legions Of The Betrayed Quo Vadis,,,,
Who Could Say Omnium Gatherum,,,,
Living in Me Omnium Gatherum,,,,
New Dynamic Omnium Gatherum,,,,
Frontiers Omnium Gatherum,,,,
Rise and Decay Skyfire,,,,
Windlake Tale Kalmah,x,,,
Black Marten´s Trace Kalmah,x,,,
The Groan of Wind Kalmah,,,,
Moon Of My Nights Kalmah,,,,
Deadfall Kalmah,x,,,
Defeat Kalmah,x,,,
Time Takes Us All Kalmah,x,,,
Seventh Swamphony Kalmah,x,,,
Hades Kalmah,x,,,
Heroes To Us Kalmah,,,,
Augen auf! OOMPH!,,,,
Collapse After The Burial,,,,
Perfect Combination Fight the Fight,,,,
Nosferatu Witchery,,,,
Atoma Dark Tranquillity,x,y,,
Asylum Choir Motörhead,x,y,,
Hellraiser Motörhead,x,y,,
Mr. Crowley Ozzy Osbourne,x,y,,
Diary Of A Madman Ozzy Osbourne,x,y,,
Perry Mason Ozzy Osbourne,x,y,,
Over the Mountain Ozzy Osbourne,x,y,,
School's Out Alice Cooper,,,,
Poison Alice Cooper,,,,
Paranoid Black Sabbath,,,,
Sinner Judas Priest,x,p,,
Blood Red Skies Judas Priest,x,y,,
All Guns Blazing Judas Priest,,,,
Hell Patrol Judas Priest,,,,
The Ripper Judas Priest,x,p,,
Night Crawler Judas Priest,,,,
Welcome To The Jungle Guns N' Roses,x,p,,
Still Loving You Scorpions,x,p,,
No One Like You - 2011 Version Scorpions,,,,
Rock You Like a Hurricane - 2011 Version Scorpions,x,y,,
Shadow Life Slash,,,,
Bent To Fly Slash,,,,
Anastasia Slash,,,,
World On Fire Slash,,,,
I´m Shipping Up To Boston Children Of Bodom,,,,
Downfall Children Of Bodom,,,,
Hate Me Children Of Bodom,,,,
Everytime I Die Children Of Bodom,x,y,,
Angel Of Death Slayer,x,y,,
Show No Mercy Slayer,x,y,,
Metal Storm / Face the Slayer Slayer,x,y,,
Die by the Sword Slayer,x,y,,
Evil Has No Boundaries Slayer,x,y,,
Black Magic Slayer,x,,,
Against The World Accept,,,,
Balls to the Wall Accept,,,,
Different World Iron Maiden,,,,
2 Minutes To Midnight - 1998 Remastered Version Iron Maiden,,,,
The Number Of The Beast - 1998 Remastered Version Iron Maiden,,,,
Mystery Dio,x,y,,
The Temple of the King Scorpions,,,,
"Doctor, Doctor Michael Schenker Group",,,,
Armed and Ready - 2009 Remaster Michael Schenker Group,,,,
Hammer High Hammerfall,,,,
Last Man Standing Hammerfall,,,,
Hearts On Fire Hammerfall,,,,
Hammer High Hammerfall,,,,
Valley of the Kings Saxon,,,,
Stand Up And Fight Saxon,,,,
747 (Strangers in the Night) - 2009 Remastered Version Saxon,,,,
Battering Ram Saxon,,,,
Wheels Of Steel - 2009 Remastered Version Saxon,,,,
Hotel California Eagles,,,,
I Want Out Helloween,x,y,,
Monochromatic Stains Dark Tranquillity,,,,
Weight Of The End Dark Tranquillity,x,y,,
The Wonders At Your Feet Dark Tranquillity,x,y,,
The Bow And The Arrow Dark Tranquillity,x,y,,
For Broken Words Dark Tranquillity,x,y,,
State Of Trust Dark Tranquillity,x,y,,
Crazy Train - Remastered Ozzy Osbourne,x,y,,
Dream Evil Dio,x,y,,
Suicide Solution Ozzy Osbourne,x,y,,
Paranoid Black Sabbath,,,,
Bark at the Moon Ozzy Osbourne,x,y,,
Let Me Hear You Scream Ozzy Osbourne,x,y,,
Texas Blood Money Upon A Burning Body,,,,
Far Beyond The Sun Yngwie Malmsteen,,,,
Straight Through The Heart Dio,x,y,,
Trilogy Suite Op: 5 Yngwie Malmsteen,,,,
The Wicker Man Iron Maiden,,,,
The Czar: Usurper / Escape / Martyr / Spiral Mastodon,x,y,,
Black Tongue Mastodon,x,y,,
Feast Your Eyes Mastodon,x,y,,
True Believer Testament,x,p,,
Born in a Rut Testament,x,p,,
Jun-Jun Testament,x,p,,
Over The Wall Testament,x,p,,
Frames Crossnail,,,,
Golden Age Kreator,x,y,,
Violent Revolution Kreator,x,y,,
"Your Heaven, My Hell Kreator",x,y,,
Willing Spirit Kreator,x,y,,
Violent Revolution Kreator,xx,,,
Satan Is Real Kreator,,,,
Chosen Time Jeff Loomis,,,,
Dirty Deeds Done Dirt Cheap AC/DC,x,y,,
T.N.T. AC/DC,x,y,,
Smoke On The Water - 1997 Remastered Version Deep Purple,,,,
USA Dubioza kolektiv,,,,
Free.Mp3 - The Pirate Bay Song Dubioza kolektiv,,,,
Russian Dancing Men Mr Weebl,,,,
Perfect Strangers Deep Purple,,,,
Iron Man Black Sabbath,,,,
No More Tears Ozzy Osbourne,x,y,,
Crazy Train - Remastered Ozzy Osbourne,x,y,,
Tape Loop Morcheeba,,,,
Scarborough Stomp Joe Satriani,,,,
#NAME?,x,,,
Lights of Heaven Joe Satriani,,,,
Big City Life Mattafix,,,,
Gates of Horn and Ivory The Agonist,,,,
War of the Gods Amon Amarth,,,,
Deceiver of the Gods Amon Amarth,,,,
Twilight Of The Thunder God Amon Amarth,,,,
March of Mephisto (feat. Shagrath) Kamelot,,,,
Liar Liar (Wasteland Monarchy) Kamelot,,,,
Nightfall Xandria,x,,,
So wie Du warst Unheilig,,,,
Zeit zu gehen Unheilig,,,,
Miststück 2012 Eisbrecher,,,,
Zwischen uns Eisbrecher,,,,
I Miss The Misery Halestorm,,,,
The Hand That Feeds Nine Inch Nails,x,y,,
Every Day Is Exactly The Same Nine Inch Nails,x,y,,
March Of The Pigs Nine Inch Nails,x,y,,
Trip the Darkness Lacuna Coil,x,y,,
Spellbound Lacuna Coil,x,y,,
I Forgive (But I Won't Forget Your Name) Lacuna Coil,x,y,,
Falling Again Lacuna Coil,x,y,,
Swamped Lacuna Coil,x,y,,
Daylight Dancer Lacuna Coil,x,y,,
Devoted Lacuna Coil,x,y,,
"Thank You, Pain The Agonist",,,,
Dark Cell Deadlock,,,,
Never Enough Epica,,,,
Hybris Deadlock,,,,
The Nexus Amaranthe,,,,
Cry for the Moon (The Embrace That Smothers Part 4) Epica,,,,
We Shall All Bleed Deadlock,,,,
Code Of Honor Deadlock,,,,
Panophobia The Agonist,,,,
...and Their Euglogies Sang Me To Sleep The Agonist,,,,
Losing My Religion Lacuna Coil,x,y,,
Heaven's A Lie Lacuna Coil,x,y,,
Our Truth Lacuna Coil,x,y,,
Nemo Nightwish,x,y,,
The Unforgiven III Metallica,,,,
The Day That Never Comes Metallica,,,,
Trigger Hippie Morcheeba,,,,
Blindfold Morcheeba,,,,
Enjoy The Ride Morcheeba,,,,
Blood Like Lemonade Morcheeba,,,,
6 Underground Sneaker Pimps,,,,
6 Underground Sneaker Pimps,,,,
Like Humans Do - Edited Version David Byrne,,,,
Mad About You Hooverphonic,,,,
Piano Man Billy Joel,,,,
The Sky Is Burning Sam Gopal,,,,
The Dark Lord Sam Gopal,,,,
The Pride Five Finger Death Punch,,,,
Bad Company Five Finger Death Punch,,,,
Wrong Side of Heaven Five Finger Death Punch,,,,
Paradise Circus - Gui Boratto Remix Massive Attack,,,,
Teardrop Massive Attack,,,,
The Sea Morcheeba,,,,
Sour Times Portishead,,,,
Roads Portishead,,,,
Glory Box Portishead,,,,
Another Way To Die Disturbed,x,,,
Ov Fire And The Void Behemoth,,,,
Different World Iron Maiden,x,y,,
WWIII KMFDM,,,,
Wasted Years - 1998 Remastered Version Iron Maiden,,,,
Children Of The Damned - 1998 Remastered Version Iron Maiden,,,,
Speed Of Light Iron Maiden,,,,
The Number Of The Beast - 1998 Remastered Version Iron Maiden,,,,
Rip & Tear Mick Gordon,,,,
The Legacy Testament,x,p,,
No Excuses Alice In Chains,,,,
In Quest Of Enigmatic Dreams Old Man's Child,,,,
PUSSY Rammstein,x,y,,
MEIN TEIL Rammstein,x,y,,
Mein Herz Brennt Rammstein,x,y,,
Links 2 3 4 Rammstein,x,y,,
Engel Rammstein,x,y,,
Ich Will Rammstein,x,y,,
AMERIKA Rammstein,x,y,,
Sonne Rammstein,x,y,,
Feuer Frei Rammstein,x,y,,
Du hast Rammstein,x,y,,
Once More 'Round The Sun Mastodon,x,y,,
Crystal Ann (98 Reissue) Annihilator,,,,
Descending Lamb of God,x,y,,
512 Lamb of God,x,y,,
Hourglass Lamb of God,x,y,,
Walk with Me In Hell Lamb of God,x,y,,
Omerta Lamb of God,x,y,,
Now You've Got Something to Die For Lamb of God,x,y,,
The End In Flames,,,,
Endorama Kreator,x,,,
Impossible Brutality Kreator,x,,,
The Shining Black Sabbath,,,,
I Am The Law Anthrax,x,,,
Madhouse Anthrax,x,,,
Got The Time Anthrax,x,,,
Got The Time Anthrax,x,,,
Until The World Goes Cold Trivium,,,,
Blackout Scorpions,x,,,
The Stellar Sunset of Evolution Pt. 2 (The Rise) Wretched,,,,
(Don't Fear) The Reaper Blue Öyster Cult,,,,
Smoke On the Water Deep Purple,,,,
Refuse / Resist Sepultura,,,,
Highway Star Deep Purple,,,,
N.I.B. Black Sabbath,,,,
Disco Inferno - Single Edit The Trammps,,,,
Ashes of the Wake Lamb of God,x,y,,
Nailed by the Hammer of Frankenstein Lordi,,,,
Give Your Life For Rock And Roll Lordi,,,,
It Snows In Hell Lordi,,,,
When I'm Gone Eminem,,,,
The Smoke Of Many Fires Be'lakor,,,,
An Ember's Arc Be'lakor,,,,
Victim Of Changes Judas Priest,x,p,,
Electric Eye Judas Priest,x,p,,
Turbo Lover Judas Priest,x,p,,
Living After Midnight Judas Priest,x,p,,
Painkiller Judas Priest,x,p,,
Breaking the Law Judas Priest,x,p,,
Weak Fantasy (Instrumental) Nightwish,,,,
The Secret Pt. 1 DGM,,,,
Something For The Ages Hammerfall,,,,
Sting Of The Bumblebee Manowar,,,,
Mr. Scary Dokken,,,,
Enemy Of God Kreator,x,y,,
Chosen Few Kreator,x,y,,
Phantom Antichrist Kreator,x,y,,
Far Beyond The Sun Yngwie Malmsteen,,,,
God Of Forbidden Light Dissection,x,,,
Maha-Kali Dissection,x,y,,
Black Dragon Dissection,,,,
Powershifter Fear Factory,x,y,,
Regenerate Fear Factory,,,,
Fear Campaign Fear Factory,x,y,,
Recharger Fear Factory,x,y,,
Acres Of Skin Fear Factory,x,y,,
Linchpin Fear Factory,x,y,,
Becoming The Bull Atreyu,,,,
Lonkkaluut Korpiklaani,x,y,,
Tuoppi Oltta Korpiklaani,x,y,,
Päät Pois Tai Hirteen Korpiklaani,x,y,,
Metsämies Korpiklaani,x,y,,
Tapporauta Korpiklaani,x,y,,
Luontoni Korpiklaani,x,y,,
FC Lahti Korpiklaani,x,y,,
Ämmänhauta Korpiklaani,x,y,,
Sahti Korpiklaani,x,y,,
Ievan Polkka Korpiklaani,x,y,,
Viinamäen Mies Korpiklaani,x,y,,
Tervaskanto Korpiklaani,x,y,,
Lempo Korpiklaani,x,y,,
Inis Mona Eluveitie,x,,,
Vodka Korpiklaani,x,y,,
Vaarinpolkka Korpiklaani,x,y,,
Beyond Redemption The Forsaken,,,,
The Tribulation of Man Oracles,,,,
Lashed To the Slave Stick Nile,,,,
Primal Recoil Blood Red Throne,,,,
Jailbait Motörhead,x,y,,
Shoot You In the Back Motörhead,x,y,,
Bomber Motörhead,x,y,,
No Class Motörhead,x,y,,
Iron Fist Motörhead,x,y,,
Love Me Like a Reptile Motörhead,x,y,,
(We Are) The Roadcrew Motörhead,x,y,,
Till The End Motörhead,,,,
Victory Or Die Motörhead,,,,
Thunder & Lightning Motörhead,,,,
Sympathy For The Devil Motörhead,,,,
King of Kings (Triple H) Motörhead,x,y,,
Ace of Spades Motörhead,x,y,,
Killed by Death Motörhead,,,,
Killed By Death Motörhead,,,,
The Four Horsemen (Remastered) Metallica,,,,
Cold Flesh Citadel Katalepsy,,,,
Aether Eyes The Healing,,,,
MonstroCity Meshuggah,,,,
Born In Dissonance Meshuggah,,,,
Clockworks Meshuggah,,,,
Bleed Meshuggah,x,y,,
Rotting In Vain Korn,x,y,,
Angel In Disgrace The Raven Age,,,,
The Great Disillusion Betraying The Martyrs,,,,
Mass Extinction Six Jonestown,,,,
My Allied Ocean Evergrey,,,,
Arise Any Given Day,,,,
Hardwired Metallica,,,,
Ghetto Gospel 2Pac,,,,
Canto 34 Five Finger Death Punch,,,,
Five Vicodin Chased With A Shot Of Clarity - Instrumental Version Atreyu,,,,
Monster in Me Mors Principium Est,x,p,,
We Are the Sleep Mors Principium Est,x,p,,
The Sacrilegious Scorn Dimmu Borgir,,,,
The Pursuit Of Vikings Amon Amarth,,,,
Initiate Haken,,,,
Lift Me Up (feat. Rob Halford of Judas Priest) Five Finger Death Punch,,,,
Alive Wage War,x,,,
A Different World (feat. Corey Taylor) Korn,,,,
TriggerPulse Kobra And The Lotus,,,,
Ashes of Fate Logical Terror,,,,
Cowboys From Hell Pantera,x,y,,
Aces High - 1998 Remastered Version Iron Maiden,,,,
Cocaine Eric Clapton,,,,
Tears In Heaven Eric Clapton,,,,
Suicide & Redemption Metallica,,,,
Layla - Live in San Diego Eric Clapton,,,,
Layla Eric Clapton,,,,
Enter Sandman Metallica,x,y,,
Orion (Instrumental) Metallica,,,,
God Damn Avenged Sevenfold,,,,
At War Conquer Divide,,,,
Phantom Fear Architects,,,,
Atoma Dark Tranquillity,x,y,,
Back In Black AC/DC,x,y,,
Mr. Crowley Ozzy Osbourne,x,y,,
I Want Out Helloween,x,y,,
Bark at the Moon Ozzy Osbourne,x,y,,
The Devil In I Slipknot,,,,
You've Got Another Thing Comin' Judas Priest,x,p,,
All Along the Watchtower Jimi Hendrix,,,,
Crazy Train Ozzy Osbourne,x,y,,
25 Or 6 To 4 - Remastered Chicago,,,,
Dum Dee Dum - JiKay Remix Keys N Krates,,,,
Desolation Lamb of God,x,y,,
House Of The Rising Sun Five Finger Death Punch,,,,
The Faded Line Lamb of God,x,,,
Ghost Walking Lamb of God,x,y,,
Fake Messiah Lamb of God,,,,
Foot to the Throat Lamb of God,,,,
Still Echoes Lamb of God,x,y,,
Grace Lamb of God,x,y,,
Remorse Is for the Dead Lamb of God,x,y,,
Embers Lamb of God,x,y,,
Redneck Lamb of God,x,y,,
Wash It All Away Five Finger Death Punch,,,,
Bitter Metallic Side Kalmah,x,,,
Encircled Dark Tranquillity,x,y,,
Needled 24 / 7 Children Of Bodom,,,,
Wolves On The Throne Kalmah,x,y,,
Through My Eyes In Flames,x,,,
The Black Waltz Kalmah,x,,,
Pikemaster Kalmah,x,,,
Rotten Apple Alice In Chains,,,,
Faithless by Default Dark Tranquillity,x,y,,
Are You Dead Yet Children Of Bodom,x,y,,
Holy Symphony of War Kalmah,,,,
The End In Flames,,,,
Moonage Daydream - 2012 Remastered Version David Bowie,,,,
Life On Mars? - 2015 Remastered Version David Bowie,,,,
Starman - 2012 Remastered Version David Bowie,,,,
Space Oddity - 1999 Remastered Version David Bowie,,,,
Sultans Of Swing Dire Straits,,,,
The Mayor Of Candor Lied Harry Chapin,,,,
American Pie Don McLean,,,,
Enjoy The Silence Lacuna Coil,x,y,,
Only Ash Remains Necrophagist,,,,
Stabwound Necrophagist,,,,
Alias In Flames,x,y,,
The Trooper - 1998 Remastered Version Iron Maiden,x,y,,
Blood and Thunder Mastodon,x,y,,
Laid to Rest Lamb of God,x,y,,
True North Bad Religion,x,y,,
Holy Mountains System of a Down,,,,
Cigaro System of a Down,,,,
Radio/Video System of a Down,,,,
Aerials System of a Down,,,,
Hypnotize System of a Down,x,y,,
Violent Pornography System of a Down,x,y,,
Lonely Day System of a Down,x,y,,
Toxicity System of a Down,x,y,,
B.Y.O.B. System of a Down,x,y,,
Chop Suey! System of a Down,x,y,,
Too Drunk to Fuck Dead Kennedys,x,y,,
California Uber Alles Dead Kennedys,x,y,,
Holiday In Cambodia Dead Kennedys,x,y,,
Bombtrack - Remastered Rage Against The Machine,x,y,,
Take The Power Back - Remastered Rage Against The Machine,x,y,,
Killing In The Name - Remastered Rage Against The Machine,x,y,,
Bulls On Parade Rage Against The Machine,x,y,,
Sleepwalker Parkway Drive,,,,
Digital World Amaranthe,x,y,,
I Want To Conquer The World Bad Religion,x,y,,
You Bad Religion,x,y,,
Generator Bad Religion,x,y,,
American Jesus Bad Religion,x,y,,
21st Century Bad Religion,x,y,,
Fuck You Bad Religion,x,y,,
"You Don't Remember, I'll Never Forget Yngwie Malmsteen",,,,
Dream On Ronnie James Dio,,,,
Black Star Yngwie Malmsteen,,,,
Rising Force Yngwie Malmsteen,,,,
Acid Rain Liquid Tension Experiment,,,,
Into The Arena - 2000 Remastered Version Michael Schenker Group,,,,
Fight Till Death Slayer,x,y,,
Creative Captivity August Burns Red,,,,
Cemetery Gates Pantera,x,y,,
Creeping Death Metallica,x,y,,
Roots Bloody Roots Sepultura,x,y,,
Cirice Ghost B.C.,,,,
Battery Metallica,x,y,,
Drop Dead Cynical Amaranthe,x,y,,
It's the End of the World As We Know It (And I Feel Fine) R.E.M.,,,,
Wish I Had An Angel Nightwish,x,y,,
Overkill Motörhead,x,y,,
The Call Of Ktulu (Live with the SFSO) Metallica,,,,
Remnants Disturbed,,,,
Black Star Yngwie Malmsteen,,,,
Mystery - Instrumental Dead by April,,,,
The Crusade Trivium,,,,
Metal Health (Bang Your Head) Quiet Riot,,,,
Master Of Puppets Metallica,x,y,,
Where Eagles Dare - 1998 Remastered Version Iron Maiden,x,y,,
Raining Blood Slayer,x,y,,
Doctor Doctor UFO,x,y,,
Metal Church Metal Church,,,,
Electric Crown Testament,x,p,,
Flor d'Luna (Moonflower) Santana,,,,
She's Not There Santana,,,,
Europa (Earth's Cry Heaven's Smile) Santana,,,,
Dance Sister Dance (Baila Mi Hermana) Santana,,,,
Black Magic Woman / Gypsy Queen Santana,,,,
Zulu Santana,,,,
Let the Children Play Santana,,,,
Con Santana Santana,,,,
Just Feel Better Santana,,,,
Saideira - Live Santana,,,,
Samba Pa Ti Santana,,,,
The Game of Love - Main / Radio Mix Santana,,,,
Oye Como Va - Album Verision Santana,,,,
Black Magic Woman Santana,,,,
Smooth Santana,,,,
Corazon Espinado Santana,,,,
We're Goin' in. We're Going Down. Cloudkicker,,,,
Moth Into Flame Metallica,x,y,,
Fight Fire With Fire (Remastered) Metallica,x,y,,
Tornado Of Souls - 2004 Digital Remaster Megadeth,x,y,,
I Want Out Helloween,x,y,,
Wild Child W.A.S.P.,x,y,,
Killer Queen - Remastered 2011 Queen,,,,
Killer Queen - Remastered 2011 Queen,,,,
Crazy Little Thing Called Love - Remastered 2011 Queen,,,,
Radio Ga Ga - Remastered 2011 Queen,,,,
You're My Best Friend - Remastered 2011 Queen,,,,
The Show Must Go On - Remastered 2011 Queen,,,,
I Want To Break Free - Single Remix Queen,,,,
We Are The Champions - Remastered 2011 Queen,,,,
Bohemian Rhapsody - Remastered 2011 Queen,,,,
Don't Stop Me Now - Remastered 2011 Queen,,,,
Another One Bites The Dust - Remastered 2011 Queen,,,,
Under Pressure - Remastered 2011 Queen,,,,
We Will Rock You - Remastered 2011 Queen,,,,
Angels Fall Breaking Benjamin,,,,
The Diary Of Jane Breaking Benjamin,x,y,,
I Will Not Bow Breaking Benjamin,x,y,,
Lost to Apathy Dark Tranquillity,x,y,,
Terminus (Where Death is Most Alive) Dark Tranquillity,x,y,,
The Treason Wall Dark Tranquillity,x,y,,
Der Flieger Eisbrecher,,,,
ShutEmDown Celldweller,,,,
The Raven The Black Dahlia Murder,x,y,,
Cimmerian Shamballa Wretched,,,,
Last Straw Born Of Osiris,x,y,,
Moonlight Equilibrium The Black Dahlia Murder,x,y,,
Feasting on the Blood of the Insane Six Feet Under,x,y,,
A Dream That Cannot Be Amon Amarth feat. Doro Pesch,x,y,,
The Way of Vikings Amon Amarth,x,y,,
Moonshine Limbo Trepalium,,,,
Verbal - Prefuze 73 Mix Amon Tobin,,,,
Canto 34 Five Finger Death Punch,x,y,,
Nightmare Polyphia,x,,,
Hot For Teacher Van Halen,x,y,,
Rock You Like A Hurricane Scorpions,x,y,,
Nuvole bianche Ludovico Einaudi,x,y,,
Catching Fireflies The Soul's Release,x,y,,
Painkiller Judas Priest,x,y,,
2 Minutes To Midnight - 1998 Remastered Version Iron Maiden,x,y,,
The USSR Song The Red Army Choir,,,,
The Russian Walk The Red Army Choir,x,y,,
Subjected to a Beating Dying Fetus,x,y,,
Homage For Satan Deicide,x,y,,
Scars Of The Crucifix Deicide,x,y,,
The Motherload Mastodon,x,y,,
Cloud Connected In Flames,x,y,,
Only for the Weak In Flames,x,y,,
The Serpentine Offering Dimmu Borgir,x,y,,
Gateways Dimmu Borgir,x,y,,
Sorgens Kammer Dimmu Borgir,x,y,,
Satan-Prometheus Gorgoroth,x,y,,
Prayer Gorgoroth,x,y,,
Radix malorum Gorgoroth,x,y,,
Dead By Dawn - Reissue Deicide,x,y,,
The Gunner's Song The Red Army Choir,,,,
I Go Out In The Street Choir and Orchestra of the Red Army,,,,
Octy Cernye (Black Eyes) Choir and Orchestra of the Red Army,,,,
Soliko Choir and Orchestra of the Red Army,,,,
Ring Little Bell Choir and Orchestra of the Red Army,,,,
Hey. Iamscik Gonica Kiaru Choir and Orchestra of the Red Army,,,,
Za Dunaem Choir and Orchestra of the Red Army,,,,
Along The River Choir and Orchestra of the Red Army,,,,
Poliuscko-Pole (Plain. My Plain) Choir and Orchestra of the Red Army,,,,
Don't Talk To Strangers Dio,x,y,,
Holy Diver Dio,x,y,,
Rainbow In The Dark Dio,x,y,,
If Eternity Should Fail Iron Maiden,x,y,,
Wasted Years - 1998 Remastered Version Iron Maiden,x,y,,
The Gods Made Heavy Metal Manowar,x,y,,
Metal Warriors Manowar,x,y,,
Carry On Manowar,x,y,,
Fighting The World Manowar,x,y,,
Kings Of Metal Manowar,x,y,,
Battle Hymn Manowar,x,y,,
Hard Rock Hallelujah Lordi,x,y,,
Shepherd of Fire Avenged Sevenfold,x,y,,
Bat Country Avenged Sevenfold,x,y,,
The Last Fight Bullet For My Valentine,x,y,,
All These Things I Hate (Revolve Around Me) Bullet For My Valentine,x,y,,
You Want a Battle? (Here's a War) Bullet For My Valentine,x,y,,
Your Betrayal Bullet For My Valentine,x,y,,
In the Minds of Evil Deicide,x,y,,
Once Upon The Cross Deicide,x,y,,
In League With Satan Six Feet Under,x,y,,
Smoke On The Water Six Feet Under,x,y,,
Marigold Periphery,,,,
While We Sleep Insomnium,x,y,,
God Has Fallen Mors Principium Est,x,y,,
Sail DevilDriver,x,y,,
The Sound Of Truth As I Lay Dying,x,y,,
No Excuses Alice In Chains,x,y,,
Man in the Box Alice In Chains,x,y,,
Would? Alice In Chains,x,y,,
Burden In My Hand Soundgarden,x,y,,
Outshined Soundgarden,x,y,,
Rusty Cage Soundgarden,x,y,,
Fell On Black Days Soundgarden,x,y,,
Spoonman Soundgarden,x,y,,
Black Hole Sun Soundgarden,x,y,,
WE ALL DIE YOUNG STEELHEART,x,y,,
Dream On Aerosmith,x,y,,
TNT Six Feet Under,x,y,,
